timestamp	agent	target	route	decision	evidence	next
2026-04-24T06:15Z	explorer-support-lanes	D-min support lanes	quartic-sextic quotient-visible rung check	keep	agents/20260424-145500-explorer-support-lanes/report.md	check state-locality mismatch between quotient-visible transport and corrected package state
2026-04-24T06:15Z	gap-closer-D-kerphik	D-min	same-tower highest-new scalar reduction	keep	agents/20260424-145500-gap-closer-D-kerphik/notes/followup-Dmin-sametower-reduction.md	attack state-locality / merger on exact fixed-shear corner
2026-04-24T06:16Z	gap-closer-D-kerphik	D-min	state-locality axiom isolation	keep	agents/20260424-145500-gap-closer-D-kerphik/notes/followup-Dmin-state-locality-axiom.md	identify Phi_K-visible odd-block functional analogous to E3/E5
2026-04-24T06:16Z	gap-closer-C-diagonal-merger	C2a	fixed-shear state-locality split	keep	agents/20260424-145500-gap-closer-C-diagonal-merger/report.md	mine strongest factorization extending beyond involutive branch
2026-04-24T06:16Z	gap-closer-C-diagonal-merger	C2a	quotient-visible ceiling	keep	agents/20260424-145500-gap-closer-C-diagonal-merger/notes/20260424-followup-state-locality-ceiling.md	search for smallest relational package state beyond T_N
2026-04-24T06:17Z	gap-closer-C-diagonal-merger	C2a(rel)	affine lift coordinate candidate	keep	agents/20260424-145500-gap-closer-C-diagonal-merger/notes/20260424-followup-T-vs-lambda.md	study patch transitions for lambda/c
2026-04-24T06:16Z	explorer-hidden-state-geometry	D-min	affine lift overlap cocycle	keep	agents/20260424-145500-explorer-hidden-state-geometry/notes/transport-formulations.md	hunt corrected two-atom analogue in collision chart
2026-04-24T06:17Z	explorer-hidden-state-geometry	D-min	fixed-shear state-locality bridge	keep	agents/20260424-145500-explorer-hidden-state-geometry/notes/fixed-shear-state-locality-bridge.md	look for partial state-locality formulas for actual corrected defects
2026-04-24T06:17Z	gap-closer-UV002-contradiction	UV-007/E	finite-core lower-model transfer theorem	keep	agents/20260424-145500-gap-closer-UV002-contradiction/report.md	reduce E to weakest sufficient package-fiber lower law
2026-04-24T06:17Z	explorer-prior-treasure-hunt	C convention	exceptional-divisor normalization caveat	keep	agents/20260424-145500-explorer-prior-treasure-hunt/notes/convention-caveat.md	mine post-C finite-core rewrite with normalization caveat
2026-04-24T06:15Z	verifier-adversarial-C-D	verification posture	autoresearch reload	keep	agents/20260424-145500-verifier-adversarial-C-D/report.md	attack next C/D/E deposits
2026-04-24T06:15Z	verifier-source-C-D	source posture	autoresearch reload	keep	agents/20260424-145500-verifier-source-C-D/notes/autoresearch-reload-20260424.md	source-audit next C/D/E deposits
2026-04-24T16:00Z	verifier-adversarial-CDE	C/D/E continuation verification	setup checklist while waiting for missing deposits	blocked	agents/20260424-160000-verifier-adversarial-CDE/report.md	adversarially review six continuation deposits once all exist
2026-04-24T16:01Z	gap-closer-C-fiber-selection	C fiber selection	exceptional-divisor trace C-FS1--C-FS4 reduction	keep	agents/20260424-160000-gap-closer-C-fiber-selection/report.md	attack C-FS2 no-extra-state and C-FS3 diagonal merger
2026-04-24T16:02Z	gap-closer-D-odd-block-state	D-min odd block	transform-level Phi_K-visible odd-block functional isolation	keep	agents/20260424-160000-gap-closer-D-odd-block-state/report.md	prove affine-bundle transport modulo ker Phi_K through first surviving odd order
2026-04-24T16:03Z	explorer-affine-bundle-holonomy	D holonomy	base-controlled affine lift transition negative	keep	agents/20260424-160000-explorer-affine-bundle-holonomy/report.md	look for genuine relational/provenance corrected two-atom term or exceptional prepared chart
2026-04-24T16:04Z	gap-closer-E-finite-core-transfer	E1 finite-core transfer	projected low-order interaction-vanishing reduction	keep	agents/20260424-160000-gap-closer-E-finite-core-transfer/report.md	prove D3=D5f=D7bar=0 or formulate inhomogeneous rank theorem
2026-04-24T16:05Z	explorer-incidence-lower-model	E2 lower model	positive-kernel lower target plus sign-tail obstruction	keep	agents/20260424-160000-explorer-incidence-lower-model/report.md	seek sign variation or tail-domination theorem for incidence lane
2026-04-24T16:06Z	verifier-source-CDE	C/D/E continuation source audit	setup while waiting for corrected-package-object deposit	blocked	agents/20260424-160000-verifier-source-CDE/report.md	source-audit six continuation deposits once corrected-package-object lands
2026-04-24T16:07Z	explorer-corrected-package-object	C corrected package object	fixed-codomain schema and C-FS missing map	keep	agents/20260424-160000-explorer-corrected-package-object/report.md	verify C-FS2 no-extra-state and C-FS3 diagonal merger against source/adversarial objections
2026-04-24T16:08Z	verifier-adversarial-CDE	C/D/E final adversarial review	six-report claim attack	keep	agents/20260424-160000-verifier-adversarial-CDE/report.md	attack C-FS2/C-FS3 first; then D state-locality; then E projected defects and lower control
2026-04-24T16:09Z	verifier-source-CDE	C/D/E final source audit	six-report source audit	keep	agents/20260424-160000-verifier-source-CDE/report.md	prioritize C-FS2/C-FS3; keep D and E as secondary verified frontiers
2026-04-24T16:10Z	gap-closer-C-fiber-selection	C-FS3 diagonal merger	fixed-codomain formal countermodel with nonconstant B(m,kappa)	keep	agents/20260424-160000-gap-closer-C-fiber-selection/report-cfs23-followup.md	verify countermodel; continue C-FS2 actual-formula inspection and require real diagonal merger theorem
2026-04-24T16:11Z	verifier-adversarial-CDE	C-FS3 countermodel verification	adversarial check of epsilon-kappa deformation	keep	agents/20260424-160000-verifier-adversarial-CDE/report-cfs3-countermodel-review.md	carry negative forward; source-check exact formula forbidding epsilon-kappa if claimed
2026-04-24T16:12Z	verifier-source-CDE	C-FS3 countermodel source check	source check of epsilon-kappa deformation	keep	agents/20260424-160000-verifier-source-CDE/report-cfs23-countermodel-source-check.md	carry negative forward; require theorem explicitly killing partial_kappa B
2026-04-24T16:13Z	gap-closer-C-fiber-selection	C-FS2 actual formulas	septic quotient-defect determinant slot inspection	keep	agents/20260424-160000-gap-closer-C-fiber-selection/report-cfs2-actual-formulas.md	verify R determinant channel; next compute/control R or prove det(R,A5f) descends
2026-04-24T16:14Z	verifier-adversarial-CDE	C-FS2 actual-formula verification	adversarial check of R determinant slot and centered D2	keep	agents/20260424-160000-verifier-adversarial-CDE/report-cfs2-actual-formula-review.md	source-check R slot; next compute/control R or prove determinant descends
2026-04-24T16:15Z	verifier-source-CDE	C-FS2 actual-formula source check	source audit of R determinant slot and centered D2 channel	keep	agents/20260424-160000-verifier-source-CDE/report-cfs2-actual-formulas-source-check.md	carry negative forward; require actual fixed-triple construction plus control of det(R,A5f)
2026-04-24T17:00Z	verifier-adversarial-C-R-channel	C R determinant channel	R_kappa pressure harness and centered D2 channel	keep	agents/20260424-165509-verifier-adversarial-C-R-channel/report.md	use as adversarial acceptance test for any C-FS2/C-FS3 closure
2026-04-24T17:01Z	gap-closer-C-R-determinant-control	C R determinant control	determinant slot equals quotient-defect class on A5f nonzero patches	keep	agents/20260424-165509-gap-closer-C-R-determinant-control/report.md	attack actual-package state-locality/descent for [R], then merger normalization
2026-04-24T17:02Z	explorer-C-actual-package-construction	C actual package construction	C codomain schema exists but actual corrected two-atom fixed triple is not constructed	keep	agents/20260424-165509-explorer-C-actual-package-construction/report.md	construct P_{2,C}^corr or state smallest missing definition/proposition stack
2026-04-24T17:03Z	verifier-source-C-R-channel	C R determinant source audit	source map confirms actual fixed triple, fibers, R control, and merger theorem are missing	keep	agents/20260424-165509-verifier-source-C-R-channel/report.md	source-check next positive C attempt against R_kappa and centered D2
2026-04-24T17:08Z	explorer-C-actual-package-construction	UV-010 / C [R] definition	septic quotient edge-law dependency graph for H7q	keep	agents/20260424-165509-explorer-C-actual-package-construction/report-R-definition-followup.md	file UV-010; attack H7q edge law and quotient-line trivialization
2026-04-24T17:09Z	gap-closer-C-R-determinant-control	UV-010 / septic edge law	abstract source criterion leaves arbitrary order-7 quotient Hessian term	keep	agents/20260424-165509-gap-closer-C-R-determinant-control/report-edge-law-followup.md	prove actual O7 descends or compute obstruction term from corrected formulas
2026-04-24T17:12Z	verifier-adversarial-C-R-channel	UV-010 adversarial audit	definition-only target survives; descent and merger must remain downstream	keep	agents/20260424-165509-verifier-adversarial-C-R-channel/report-UV010-adversarial.md	use formal a1a2 delta2 P(m,kappa) model to test future UV-010 proofs
2026-04-24T17:13Z	verifier-source-C-R-channel	UV-010 source audit	H7q not present under another name; quotient-line trivialization missing	keep	agents/20260424-165509-verifier-source-C-R-channel/report-UV010-source.md	formulate theorem with quotient target, patch hypotheses, and no hidden merger
2026-04-24T17:43Z	explorer-UV010-source-language	UV-010 source language	native terminology and non-equivalence of one-pair quotient-septic closure	keep	agents/20260424-173642-explorer-UV010-source-language/report.md	use terms septic quotient defect, collision-cancellation chart, edge law, midpoint quotient trivialization
2026-04-24T17:44Z	gap-closer-UV010-theorem-formulation	UV-010 theorem statement	fixed-target normalized defect and edge law boundary	keep	agents/20260424-173642-gap-closer-UV010-theorem-formulation/report.md	draft theorem as normalized quotient-valued edge law; keep descent and merger downstream
2026-04-24T17:45Z	gap-closer-UV010-quotient-trivialization	UV-010 quotient trivialization	determinant pairing trivializes moving quotient to midpoint on A5f nonzero	keep	agents/20260424-173642-gap-closer-UV010-quotient-trivialization/report.md	use local chart; exclude or separately handle A5f zero rank-jump locus
2026-04-24T17:46Z	gap-closer-UV010-septic-hessian	UV-010 septic Hessian	source mine exposes D2 pressure target but not actual J2^(7)/O7	keep	agents/20260424-173642-gap-closer-UV010-septic-hessian/report.md	require actual order-7 two-atom package and quotient Hessian before promotion
2026-04-24T17:47Z	explorer-UV010-quotient-geometry	UV-010 quotient geometry	determinant scalar is gauge-invariant local quotient coordinate on good patch	keep	agents/20260424-173642-explorer-UV010-quotient-geometry/report.md	use determinant chart only after quotient-valued edge object is constructed
2026-04-24T17:48Z	explorer-UV010-prior-miner	UV-010 prior mining	no parked H7q package found; determinant scalarization is the useful lead	keep	agents/20260424-173642-explorer-UV010-prior-miner/report.md	source-check quotient-valued theorem plus optional determinant scalar chart
2026-04-24T18:30Z	verifier-source-UV010-first-wave	UV-010 source verification	first-wave theorem boundary source-audited	keep	agents/20260424-182546-verifier-source-UV010-first-wave/report.md	treat determinant chart as source-supported local infrastructure; require actual J2^(7)/O7 before promotion
2026-04-24T18:30Z	verifier-adversarial-UV010-first-wave	UV-010 adversarial verification	first-wave boundary survives only definition-only; scalar routes fail P(m,kappa) test	keep	agents/20260424-182546-verifier-adversarial-UV010-first-wave/report.md	redelegate positive actual-package construction; reject scalar-only or lower-law-only closures
2026-04-24T18:34Z	gap-closer-UV010-actual-hessian-construction	UV-010 actual Hessian construction	one-pair K1/D2 material does not construct actual two-atom quotient Hessian	keep	agents/20260424-183418-gap-closer-UV010-actual-hessian-construction/report.md	attack actual corrected two-atom package definition before determinant/H7q promotion
2026-04-24T18:37Z	explorer-UV010-source-weight-linearization	UV-022 source-weight linearization	signed source lift restores oddness but not exact one-amplitude collapse	keep	agents/20260424-183713-explorer-UV010-source-weight-linearization/report.md	find invariant source-weight linear projection commuting with whitening/quotient extraction
2026-04-24T18:40Z	gap-closer-UV022-linearized-whitening-functor	UV-022 whitening linearization	T1 homogeneous corrected-whitening transfer is the candidate functor	keep	agents/20260424-184004-gap-closer-UV022-linearized-whitening-functor/report.md	construct source-weight-linear two-atom perturbation input X^[1] and extract order-7 quotient output
2026-04-24T18:42Z	explorer-UV022-cross-effect-package	UV-022 cross-effect package	analytic transfer cross-effect gives a1a2 interaction but diagonal vanishing is missing	keep	agents/20260424-184202-explorer-UV022-cross-effect-package/report.md	construct X^[1], define cross-effect, then prove/subtract diagonal quotient component
2026-04-24T18:58Z	verifier-adversarial-UV022-cross-effect-v2	UV-022 cross-effect counterterm	diagonal subtraction is not enough; generic nonlinear cross-effect fails delta2 divisibility	keep	agents/20260424-185740-verifier-adversarial-UV022-cross-effect-v2/report.md	attack bidegree (1,1) projection or source theorem killing first collision derivative
2026-04-24T18:59Z	gap-closer-UV022-diagonal-counterterm-v2	UV-022 diagonal counterterm	quadratic transfer works but cubic/higher terms leave first-collision obstruction	keep	agents/20260424-185740-gap-closer-UV022-diagonal-counterterm-v2/report.md	prove T_{p>=3} quotient-invisible or file first collision derivative as sharp subtarget
2026-04-24T19:00Z	coordinator	UV-023 filing	first collision derivative / higher-transfer quotient-invisibility subtarget filed	keep	uv.md; collation.md	source-audit T_{p>=3} septic quotient invisibility or attack bidegree (1,1) projection
2026-04-24T19:12Z	gap-closer-UV023-transfer-filtration	UV-023 transfer filtration	homogeneous expansion and coefficient bounds do not prove T_{p>=3} invisibility	keep	agents/20260424-190438-gap-closer-UV023-transfer-filtration/report.md	attack bidegree (1,1) projection or grading theorem for X^[1]
2026-04-24T19:13Z	verifier-source-UV023-filtration	UV-023 source audit	paper misses septic quotient homogeneous-transfer filtration	keep	agents/20260424-190438-verifier-source-UV023-filtration/report.md	source-mine finite-order grading and D_Q scaling for a new filtration lemma
2026-04-24T19:21Z	gap-closer-UV023-bidegree-projection	UV-023 bidegree projection	(1,1) projection kills T_{p>=3} formally but is not source-defined	keep	agents/20260424-190928-gap-closer-UV023-bidegree-projection/report.md	define X^[1], Pi_{1,1}, and Q7^q compatibility before promotion
2026-04-24T19:22Z	explorer-UV023-DQ-scaling	UV-023 D_Q scaling	D_Q scaling and finite-order grading alone do not exclude T_{p>=3}	keep	agents/20260424-190928-explorer-UV023-DQ-scaling/report.md	attack source-defined Pi_{1,1} or quotient-invisibility theorem
2026-04-24T19:27Z	gap-closer-UV023-source-tags	UV-023 source tags	L_h / X^[1] and Q7^q compatibility are missing source definitions	keep	agents/20260424-191517-gap-closer-UV023-source-tags/report.md	define pair-kernel-linear corrected-block functor L_h before whitening
2026-04-24T19:31Z	verifier-adversarial-UV023-projection	UV-023 projection verifier	post-quotient or post-determinant projection is invalid; compatibility package still missing	keep	agents/20260424-191517-verifier-adversarial-UV023-projection/report.md	build Q7^q before determinant scalarization and prove Q7^q kills non-(1,1) bidegrees
2026-04-24T19:39Z	explorer-UV023-Lh-source-input	UV-023 L_h source input	pre-whitening pair-kernel-linear derivative is best L_h candidate but actual two-atom source block is missing	keep	agents/20260424-192320-explorer-UV023-Lh-source-input/report.md	define actual two-atom corrected block and Q7^q compatibility
2026-04-24T19:45Z	gap-closer-UV023-Q7q-extractor	UV-024 Q7q extractor	fixed quotient target is clear but pre-determinant B7^f(C) coefficient map is missing	keep	agents/20260424-192320-gap-closer-UV023-Q7q-extractor/report.md	attack matrix-level corrected-whitening cross-effect before Phi_K
2026-04-24T19:53Z	verifier-source-UV024-prePhi-coefficient	UV-024 source audit	matrix whitening and one-pair fixed-sector extraction exist, but actual two-atom B7^f(C) is missing	keep	agents/20260424-193725-verifier-source-UV024-prePhi-coefficient/report.md	draft minimal definition block for C, B7^f, and Q7m^q
